image106.jpeg,image107.jpeg
image110.jpeg,image92.jpeg
image108.jpeg,image85.jpeg
image112.jpeg,image111.jpeg
image81.jpeg,image80.jpeg
image124.jpeg,image123.jpeg
image82.jpeg,image83.jpeg
image93.jpeg,image92.jpeg
image88.jpeg,image89.jpeg
image109.jpeg,image85.jpeg
image84.jpeg,image85.jpeg
image73.jpeg,image74.jpeg
image73.jpeg,image75.jpeg
image98.jpeg,image99.jpeg
image76.jpeg,image77.jpeg
image131.jpeg,image130.jpeg
image125.jpeg,image99.jpeg
image127.jpeg,image126.jpeg
image101.jpeg,image100.jpeg
image94.jpeg,image95.jpeg